title,license,author,threedLink,scale/x,scale/y,scale/z,size/x,size/y,size/z,useMask,pivot/x,pivot/y
siameseCat,CC BY 4.0,Gwinna,#threed-link,1,1,1,13.26,42.06,81.27,,,
bulldog,CC BY 4.0,Priide,#threed-link,1,1,1,38.75,47.39,64.52,,,
horse,CC BY 4.0,b2przemo,#threed-link,1,1,1,58.74,192.96,229.22,,,
horse2,CC0,ThreeD Garden,#threed-link,1,1,1,58.27,199.87,261.61,,,
luckyBamboo,CC BY 4.0,renderbob,#threed-link,1,1,1,15.49,34.03,14.89,,,
littlePlant,CC0,ThreeD Garden,#threed-link,1,1,1,26.6,23.19,26.59,,,
flowerBox,CC0,ThreeD Garden,#threed-link,1,1,1,54.99,18.79,16.19,,,
fordFocus,CC BY 4.0,Ruff,#threed-link,1,1,1,204.47,155.07,435.81,,,
ballonFoot,CC BY 4.0,DooL,#threed-link,1,1,1,21.99,21.97,21.99,,,
drums,Free Art License 1.3,Sophie,#threed-link,1,1,1,140.86,115.6,92.83,,,
electricGuitar,CC0,ThreeD Garden,#threed-link,1,1,1,34.48,110.02,32.14,,,
piano,CC BY 4.0,LVlittering,#threed-link,1,1,1,141.41,120.91,54.26,,,
pianoAQueue,CC0,ThreeD Garden,#threed-link,1,1,1,131.58,103.1,147.85,,,
speaker,Free Art License 1.3,Gaël Bettinelli,#threed-link,1,1,1,22,91,29.62,,,
speaker2,CC0,ThreeD Garden,#threed-link,1,1,1,22.09,35.37,25.44,,,
speaker3,CC0,ThreeD Garden,#threed-link,1,1,1,22.09,55.13,25.44,,,
fotel,CC BY 4.0,tripleJ,#threed-link,1,1,1,73.48,69.7,61.07,,,
table_football,CC0,ThreeD Garden,#threed-link,1,1,1,150.27,100.9,124.61,,,
largeStove,CC BY 4.0,Jay-Artist,#threed-link,1,1,1,103.91,85.2,72.33,,,
simpleDesk,CC BY 4.0,SirOccor,#threed-link,1,1,1,140.06,72,81.11,,,
lamp,CC BY 4.0,bulgakov,#threed-link,1,1,1,30.49,40.94,30.49,,,
sofa2,CC BY 4.0,Derte21,#threed-link,1,1,1,177.05,77.99,86.12,,,
mediumIndoorPlant,CC BY 4.0,betomo16,#threed-link,1,1,1,72.57,67.28,76.45,,,
microwave,CC BY 4.0,Jay-Artist,#threed-link,1,1,1,40.16,24.75,35.77,,,
officeTable,CC BY 4.0,Nmn9,#threed-link,1,1,1,189.23,75.12,83.44,,,
poolLounge,CC BY 4.0,LarryStephenRobb,#threed-link,1,1,1,87.96,88.48,200,,,
radio,CC BY 4.0,Jay-Artist,#threed-link,1,1,1,30.65,26.31,8.44,,,
rubix2,CC BY 4.0,farcgs,#threed-link,1,1,1,5.59,5.59,5.59,,,
spatifilum,CC BY 4.0,heraSK,#threed-link,1,1,1,79.76,87.46,74.9,,,
spider_plant,CC BY 4.0,Nmn9,#threed-link,1,1,1,66.62,34.24,63.62,,,
succulentPlant,CC BY 4.0,Nmn9,#threed-link,1,1,1,13.69,11.36,12.89,,,
birchTreeWithLeaves,CC BY 4.0,Sean Bradley,#threed-link,1,1,1,196.13,186.96,200.27,false,,
tree1WithLeaves,CC BY 4.0,Sean Bradley,#threed-link,1,1,1,186.1,226.93,242.08,false,,
willowTreeNoLeaves,CC BY 4.0,Sean Bradley,#threed-link,1,1,1,594.45,950.09,635.88,false,,
table,CC BY 4.0,Jay-Artist,#threed-link,1,1,1,144.34,72.42,93.41,,,
table_tennis,CC BY 4.0,bheema,#threed-link,1,1,1,274,72.46,191.22,,,
thermometer,CC BY 4.0,DennisH2010,#threed-link,1,1,1,7.66,17.08,5.92,,,
laptop,CC BY 4.0,Mayollo,#threed-link,1,1,1,33.89,26.6,25.32,,,
sef-kasa,CC BY 4.0,bocko,#threed-link,1,1,1,50.5,50.5,54.71,,,
toilets_unit_jay_hardy,CC BY 4.0,Jay-Artist,#threed-link,1,1,1,41.25,76.57,54.38,,,
towel,CC BY 4.0,Jay-Artist,#threed-link,1,1,1,14.53,45.4,13.42,,,
toyTrain,CC BY 4.0,RegusTtef,#threed-link,1,1,1,30.14,9.62,12.35,,,
treadmill,CC BY 4.0,muhtesemozcinar,#threed-link,1,1,1,88.46,152.58,195.81,,,
tulip,CC BY 4.0,Nmn9,#threed-link,1,1,1,38.05,39.85,43.79,,,
tvStand,CC BY 4.0,Leximumxii,#threed-link,1,1,1,135.14,52.55,46.51,,,
wallDoubleSocket,CC BY 4.0,Jay-Artist,#threed-link,1,1,1,15.49,7.92,1,,,
wallSocket,CC BY 4.0,Jay-Artist,#threed-link,1,1,1,7.71,7.92,0.82,,,
suit,CC BY 4.0,rosenth,#threed-link,1,1,1,44,60,11.76,,,
wardrobe,CC BY 4.0,SirOccor,#threed-link,1,1,1,92.14,200,68,,,
washbasin_jay_hardy,CC BY 4.0,Jay-Artist,#threed-link,1,1,1,59.73,86.74,43.1,,,
washing_machine,CC BY 4.0,Cattail,#threed-link,1,1,1,60.02,73.5,62.4,,,
white_lily,CC BY 4.0,Nmn9,#threed-link,1,1,1,31.64,51.11,26.58,,,
xylophone,CC BY 4.0,SonnySee,#threed-link,1,1,1,48.25,6,28.93,,,
yuccaPlant,CC BY 4.0,betomo16,#threed-link,1,1,1,108.41,180.86,102.85,,,
accordionFoldDoors,Free Art License 1.3,Pencilart,#threed-link,1,1,1,287.41,221.73,127.97,true,0,56
armchair,Free Art License 1.3,Peter Smolik,#threed-link,1,1,1,138.42,91.62,102.69,,,
armchair2,Free Art License 1.3,Pencilart,#threed-link,1,1,1,119.43,88.51,90.95,,,
armchair3,Free Art License 1.3,Ola-Kristian Hoff,#threed-link,1,1,1,61,105,57.99,,,
armchair4,Free Art License 1.3,Ola-Kristian Hoff,#threed-link,1,1,1,65,135,69.99,,,
armchair5,Free Art License 1.3,Ola-Kristian Hoff,#threed-link,1,1,1,52,87,51,,,
awning,Free Art License 1.3,Ola-Kristian Hoff,#threed-link,1,1,1,309.99,61.62,169.4,,,
balustradeColumn,Free Art License 1.3,Ola-Kristian Hoff,#threed-link,1,1,1,30,92.5,24.4,,,
balustradeCorner,Free Art License 1.3,Ola-Kristian Hoff,#threed-link,1,1,1,54.39,92.5,54.4,,,
barTable,Free Art License 1.3,Gaël Bettinelli,#threed-link,1,1,1,121.09,108.37,45,,,
barbecue,Free Art License 1.3,Sophie,#threed-link,1,1,1,39.23,50.85,48.4,,,
bathLShape,Free Art License 1.3,Ola-Kristian Hoff,#threed-link,1,1,1,170,186,85,,,
bathtubJetSystem,Free Art License 1.3,Ola-Kristian Hoff,#threed-link,1,1,1,160,58,70,,,
bed,Free Art License 1.3,Gaël Bettinelli,#threed-link,1,1,1,167.19,78.48,220.08,,,
bench,Free Art License 1.3,Pencilart,#threed-link,1,1,1,167.71,80,65.68,,,
blackDeckChair,Free Art License 1.3,Pencilart,#threed-link,1,1,1,42.16,90,54,,,
blackDeckTable,Free Art License 1.3,Pencilart,#threed-link,1,1,1,150.79,70,152.25,,,
bookcase,Free Art License 1.3,Geantick,#threed-link,1,1,1,182.5,150,31.25,,,
bookcase2,Free Art License 1.3,Peter Smolik,#threed-link,1,1,1,223.4,210.59,64.5,,,
bookcase3,Free Art License 1.3,Gaël Bettinelli,#threed-link,1,1,1,51.87,163.19,42.64,,,
books,Free Art License 1.3,Toomy,#threed-link,1,1,1,23.98,26.94,16.88,,,
bottomWinderStaircase,Free Art License 1.3,Ola-Kristian Hoff,#threed-link,1,1,1,100,352.16,329.99,false,,
cabinet,Free Art License 1.3,Maui,#threed-link,1,1,1,118.99,131.14,50.85,,,
captainsBed,Free Art License 1.3,Pencilart,#threed-link,1,1,1,231.85,133.03,146.91,,,
carpet,Free Art License 1.3,Emmanuel Puybaret,#threed-link,1,1,1,160,1,225,,,
cart,Free Art License 1.3,Gaël Bettinelli,#threed-link,1,1,1,46.7,85.84,37.21,,,
cdRack,Free Art License 1.3,Peter Smolik,#threed-link,1,1,1,65.69,122.4,20.29,,,
cdRack2,Free Art License 1.3,Gaël Bettinelli,#threed-link,1,1,1,19.87,179.59,17,,,
ceilingFan,Free Art License 1.3,Peter Smolik,#threed-link,1,1,1,107.8,38.99,102.84,,,
ceilingLamp,Free Art License 1.3,MineaCristian,#threed-link,1,1,1,46,11,46,,,
ceramicHob,Free Art License 1.3,Emmanuel Puybaret,#threed-link,1,1,1,59.99,0.92,51.99,,,
chair,Free Art License 1.3,Sleipnir1,#threed-link,1,1,1,57.87,90.21,60.87,,,
chair2,Free Art License 1.3,Ola-Kristian Hoff,#threed-link,1,1,1,48,87,49.5,,,
choppingBoard2,Free Art License 1.3,Toomy,#threed-link,1,1,1,35,1.7,23.8,,,
clothesLine,Free Art License 1.3,Ola-Kristian Hoff,#threed-link,1,1,1,500.04,139.99,14.99,,,
coffeeMachine,Free Art License 1.3,Toomy,#threed-link,1,1,1,20.5,27.86,30.44,,,
coffeeTable3,Free Art License 1.3,Theo Blonk,#threed-link,1,1,1,100,30,100,,,
coffeeTable2,Free Art License 1.3,Gaël Bettinelli,#threed-link,1,1,1,112.53,39.14,59.82,,,
computerDesk,Free Art License 1.3,Jarda Benkovsky,#threed-link,1,1,1,5.36,5.68,3.66,,,
cooker,Free Art License 1.3,Ben Omari,#threed-link,1,1,1,0.59,0.84,0.61,,,
cookingPlate,Free Art License 1.3,Peter Glas,#threed-link,1,1,1,40,3,20.54,,,
cornerWashbasin,Free Art License 1.3,Ola-Kristian Hoff,#threed-link,1,1,1,49.99,81,49.99,,,
counter,Free Art License 1.3,Wrosun,#threed-link,1,1,1,191.23,93.34,288.35,,,
craftsmanDoor,Free Art License 1.3,Mchnz,#threed-link,1,1,1,100.86,209.57,18.67,,,
cupboardMirror,Free Art License 1.3,Ola-Kristian Hoff,#threed-link,1,1,1,60,78,15,,,
trundleBed,Free Art License 1.3,Pencilart,#threed-link,1,1,1,185.53,100.71,81.69,,,
deepWindow,Free Art License 1.3,Ola-Kristian Hoff,#threed-link,1,1,1,105,149.99,60,true,,
deskLamp4,Free Art License 1.3,Peter Smolik,#threed-link,1,1,1,40.59,61.23,40.6,,,
deskLamp2,Free Art License 1.3,Peter Smolik,#threed-link,1,1,1,73.76,56.22,23.2,,,
deskLamp3,Free Art License 1.3,Ola-Kristian Hoff,#threed-link,1,1,1,16,46.99,50,,,
desk2,Free Art License 1.3,Peter Smolik,#threed-link,1,1,1,180,72,163,,,
desk3,Free Art License 1.3,Gaël Bettinelli,#threed-link,1,1,1,77.87,76.45,54.6,,,
desk4,Free Art License 1.3,Gaël Bettinelli,#threed-link,1,1,1,77.87,76.45,85.86,,,
desk5,Free Art License 1.3,Gaël Bettinelli,#threed-link,1,1,1,120,72.48,59,,,
desk6,Free Art License 1.3,Ola-Kristian Hoff,#threed-link,1,1,1,160,72,80,,,
dishWasher,Free Art License 1.3,Pencilart,#threed-link,1,1,1,5.04,6.18,6.15,,,
displayCabinet,Free Art License 1.3,Peter Smolik,#threed-link,1,1,1,84.06,179.84,84.06,,,
door,Free Art License 1.3,Peter Smolik,#threed-link,1,1,1,91.44,213.69,18.22,true,,
doorGlass,Free Art License 1.3,Peter Smolik,#threed-link,1,1,1,77.09,205.7,11.19,true,,
doorWindow,Free Art License 1.3,Ola-Kristian Hoff,#threed-link,1,1,1,80,209.99,23,true,,
doubleDoorWindow,Free Art License 1.3,Ola-Kristian Hoff,#threed-link,1,1,1,160,209.99,23,true,,
doubleDoorWindowSmallPanes,Free Art License 1.3,Ola-Kristian Hoff,#threed-link,1,1,1,160,209.99,23,true,,
doubleSmallWindow2x3PanesWithSill,Free Art License 1.3,Ola-Kristian Hoff,#threed-link,1,1,1,123,110,25,true,,
doubleSmallWindow3x3Panes,Free Art License 1.3,Ola-Kristian Hoff,#threed-link,1,1,1,135,90,16,true,,
doubleSmallWindowWithSill,Free Art License 1.3,Ola-Kristian Hoff,#threed-link,1,1,1,123,110,25,true,,
doubleWinderStaircase,Free Art License 1.3,Ola-Kristian Hoff,#threed-link,1,1,1,100,353.13,329.99,false,,
dresser,Free Art License 1.3,Peter Smolik,#threed-link,1,1,1,117.41,87.62,62.9,,,
emergencyGlassDoubleDoor,Free Art License 1.3,Siath,#threed-link,1,1,1,219.64,209.97,28.4,true,,
fan,Free Art License 1.3,Ola-Kristian Hoff,#threed-link,1,1,1,20,20,33,,,
fancyFrontDoor,Free Art License 1.3,Pencilart,#threed-link,1,1,1,4.07,8.15,0.98,true,,
fancyWindow,Free Art License 1.3,Pencilart,#threed-link,1,1,1,3.67,7.7,0.33,true,,
fence,Free Art License 1.3,Pencilart,#threed-link,1,1,1,0.73,1.04,0.07,,,
fenceGrid,Free Art License 1.3,Ola-Kristian Hoff,#threed-link,1,1,1,200,104.99,5,,,
fenceGridGate,Free Art License 1.3,Ola-Kristian Hoff,#threed-link,1,1,1,85,109.99,5,,,
fencePicket,Free Art License 1.3,Ola-Kristian Hoff,#threed-link,1,1,1,85,125,6,,,
fencePost,Free Art License 1.3,Pencilart,#threed-link,1,1,1,0.75,6.35,0.76,,,
fencePost2,Free Art License 1.3,Pencilart,#threed-link,1,1,1,0.96,5.58,0.95,,,
fence2,Free Art License 1.3,Pencilart,#threed-link,1,1,1,0.73,1,0.07,,,
firePlace,Free Art License 1.3,Don Ravey,#threed-link,1,1,1,112,83.79,38,,,
flatRoofSkylightBubble,Free Art License 1.3,Ola-Kristian Hoff,#threed-link,1,1,1,100,45,100,true,,
flowers,Free Art License 1.3,Peter Smolik,#threed-link,1,1,1,39.26,93.84,29.91,,,
fountain,Free Art License 1.3,Sparkywalk,#threed-link,1,1,1,51.37,46.54,51.37,,,
fridge,Free Art License 1.3,Ben Omari,#threed-link,1,1,1,2,7.28,2.42,,,
fridge2,Free Art License 1.3,Gaël Bettinelli,#threed-link,1,1,1,57,113.21,60.03,,,
gardenSofa,Free Art License 1.3,Gaël Bettinelli,#threed-link,1,1,1,2.22,1.81,0.75,,,
gardenUmbrella,Free Art License 1.3,Pencilart,#threed-link,1,1,1,21.91,21.33,18.94,,,
gate,Free Art License 1.3,Ola-Kristian Hoff,#threed-link,1,1,1,191,86,11.5,,,
gate2,Free Art License 1.3,Ola-Kristian Hoff,#threed-link,1,1,1,98.05,234.62,1,,,
gasBottle,Free Art License 1.3,Sophie,#threed-link,1,1,1,31,63.14,31,,,
glassDoorCabinet,Free Art License 1.3,Ben Omari,#threed-link,1,1,1,3.8,3.2,2.1,true,,
greekCarpet,Free Art License 1.3,Theo Blonk,#threed-link,1,1,1,170,0.69,120,,,
greenHouse,Free Art License 1.3,Ola-Kristian Hoff,#threed-link,1,1,1,310,290,310,,,
halfLandingStaircase,Free Art License 1.3,Ola-Kristian Hoff,#threed-link,1,1,1,200,353,260,false,,
handrail,Free Art License 1.3,Ola-Kristian Hoff,#threed-link,1,1,1,94,87.78,3,,,
hangedToilet,Free Art License 1.3,Ola-Kristian Hoff,#threed-link,1,1,1,38,82,56.49,,,
hangingLight2,Free Art License 1.3,Peter Smolik,#threed-link,1,1,1,32.32,37.17,32.32,,,
hangingSuits,Free Art License 1.3,Ola-Kristian Hoff,#threed-link,1,1,1,60.02,94,80,,,
hatAndCoatStand,Free Art License 1.3,Baffab,#threed-link,1,1,1,46,161.82,46,,,
horizontalFrame,Free Art License 1.3,Ola-Kristian Hoff & Annick,#threed-link,1,1,1,155,130,9.99,,,
ladder,Free Art License 1.3,Ola-Kristian Hoff,#threed-link,1,1,1,56,289.99,12,,,
ladder2,Free Art License 1.3,Ola-Kristian Hoff,#threed-link,1,1,1,44,225,84.99,,,
largeCouch,Free Art License 1.3,Pencilart,#threed-link,1,1,1,279.29,88.5,90.45,,,
latticeChair,Free Art License 1.3,Pencilart,#threed-link,1,1,1,1.99,4.05,1.96,,,
marbleTable,Free Art License 1.3,Ola-Kristian Hoff,#threed-link,1,1,1,120,70,120,,,
mirror,Free Art License 1.3,Emmanuel Puybaret,#threed-link,1,1,1,40,40,0.49,,,
monitorLCD,Free Art License 1.3,Carvalho,#threed-link,1,1,1,0.66,0.56,0.3,,,
neoclassicWindow,Free Art License 1.3,Ola-Kristian Hoff,#threed-link,1,1,1,200,219.99,60,true,,
officeChair,Free Art License 1.3,Peter Smolik,#threed-link,1,1,1,62.62,87.33,59.66,,,
officeChair2,Free Art License 1.3,Peter Smolik,#threed-link,1,1,1,62.88,101.47,68.8,,,
officeChair3,Free Art License 1.3,Peter Smolik,#threed-link,1,1,1,55.88,107.02,56.35,,,
openedPatioDoor,Free Art License 1.3,Pencilart,#threed-link,1,1,1,12.32,14.87,6.06,true,,
openedPatioGlassDoor,Free Art License 1.3,Pencilart,#threed-link,1,1,1,12.32,14.87,6.06,true,,
openedQuadrupleGlassDoors,Free Art License 1.3,Pencilart,#threed-link,1,1,1,24.62,14.87,6.34,true,,
outdoorStaircase,Free Art License 1.3,DaniFeri,#threed-link,1,1,1,128,205.5,282,false,,
ovalMirror,Free Art License 1.3,Emmanuel Puybaret,#threed-link,1,1,1,54.9,104.88,0.99,,,
pan,Free Art License 1.3,Toomy,#threed-link,1,1,1,17.42,8.46,30.33,,,
pan2,Free Art License 1.3,Toomy,#threed-link,1,1,1,25.72,5.4,43.17,,,
patioDoor,Free Art License 1.3,Pencilart,#threed-link,1,1,1,7.39,14.87,1.36,true,,
patioSideDoor,Free Art License 1.3,Pencilart,#threed-link,1,1,1,4.51,14.87,0.46,true,,
pergola,Free Art License 1.3,Sophie,#threed-link,1,1,1,240.02,262.99,255.6,,,
photocopierPrinter,Free Art License 1.3,Christophe Tellerain,#threed-link,1,1,1,141.46,147,92.89,,,
picnicTable,Free Art License 1.3,Hawkdawg,#threed-link,1,1,1,180.16,75,145.27,,,
picture,Free Art License 1.3,Peter Smolik,#threed-link,1,1,1,133.96,81.46,9.48,,,
pillow,Free Art License 1.3,Pencilart,#threed-link,1,1,1,1.06,1.03,0.44,,,
pinewoodRackFullHeight,Free Art License 1.3,Dingenskirchen,#threed-link,1,1,1,89.79,227,30.17,,,
pinewoodRackFullHeightHalfWidth,Free Art License 1.3,Dingenskirchen,#threed-link,1,1,1,48.79,227,30.17,,,
pinewoodRackLowHeight,Free Art License 1.3,Dingenskirchen,#threed-link,1,1,1,89.79,56.5,30.17,,,
pinewoodRackMediumHeight,Free Art License 1.3,Dingenskirchen,#threed-link,1,1,1,89.8,143,30.17,,,
plant,Free Art License 1.3,Peter Smolik,#threed-link,1,1,1,96.68,85.35,96.18,,,
plantersDesk,Free Art License 1.3,Pencilart,#threed-link,1,1,1,4.38,9.24,3.79,,,
poolLadder,Free Art License 1.3,Ola-Kristian Hoff,#threed-link,1,1,1,50,190,50,,,
pumpkin,Free Art License 1.3,Sophie,#threed-link,1,1,1,29.37,24.71,29.38,,,
quarterLandingStaircase,Free Art License 1.3,Ola-Kristian Hoff,#threed-link,1,1,1,166.03,362,299.99,false,,
quarterLandingStaircase2,Free Art License 1.3,Ola-Kristian Hoff,#threed-link,1,1,1,224.99,351.65,228.28,false,,
rail,Free Art License 1.3,Ola-Kristian Hoff,#threed-link,1,1,1,329.8,234.48,5.99,,,
railingGlass,Free Art License 1.3,Ola-Kristian Hoff,#threed-link,1,1,1,155.03,130,5,,,
rainGutterPart1,Free Art License 1.3,Dingenskirchen,#threed-link,1,1,1,200,6.5,12,,,
rainGutterPart2,Free Art License 1.3,Dingenskirchen,#threed-link,1,1,1,10,260,91.59,,,
rectangularMirror,Free Art License 1.3,Emmanuel Puybaret,#threed-link,1,1,1,50.08,70.05,0.97,,,
redCabinet,Free Art License 1.3,Ben Omari,#threed-link,1,1,1,52.4,60.2,55.6,,,
redCabinetWithBasin,Free Art License 1.3,Ben Omari,#threed-link,1,1,1,111,93,69.5,,,
redDrawers,Free Art License 1.3,Ben Omari,#threed-link,1,1,1,1.93,3.01,2.78,,,
redIsland,Free Art License 1.3,Ben Omari,#threed-link,1,1,1,6.02,4.01,4.21,,,
refridgerator,Free Art License 1.3,Pencilart,#threed-link,1,1,1,0.67,1.47,0.57,,,
riceCooker,Free Art License 1.3,Toomy,#threed-link,1,1,1,25.76,22.81,22.5,,,
rockingChair,Free Art License 1.3,Ola-Kristian Hoff,#threed-link,1,1,1,65,109,80,,,
roundTable,Free Art License 1.3,Peter Smolik,#threed-link,1,1,1,53.81,68.8,53.81,,,
roundVent,Free Art License 1.3,Ola-Kristian Hoff,#threed-link,1,1,1,22,23.99,30,,,
sauna,Free Art License 1.3,Ola-Kristian Hoff,#threed-link,1,1,1,120,198,131.63,,,
schoolDesk,Free Art License 1.3,Fabrice Delobe,#threed-link,1,1,1,4.99,8.02,7.89,,,
secretarysDesk,Free Art License 1.3,Pencilart,#threed-link,1,1,1,88.65,124.58,66.26,,,
semicircularStaircase,Free Art License 1.3,Ola-Kristian Hoff,#threed-link,1,1,1,600,355.25,301,false,,
shelfUnit,Free Art License 1.3,Gaël Bettinelli,#threed-link,1,1,1,155.89,183,41.38,,,
shelving,Free Art License 1.3,Peter Smolik,#threed-link,1,1,1,119,45.62,30.91,,,
shoeCabinet,Free Art License 1.3,Gaël Bettinelli,#threed-link,1,1,1,71.7,102.34,39.57,,,
shopWindow,Free Art License 1.3,Ola-Kristian Hoff,#threed-link,1,1,1,300,200,14.99,true,,
showerCabin,Free Art License 1.3,Ola-Kristian Hoff,#threed-link,1,1,1,89.99,199,90,,,
sliderPocketDoor,Free Art License 1.3,Ola-Kristian Hoff,#threed-link,1,1,1,94.84,212.5,12.19,true,,
smallBookShelves,Free Art License 1.3,Don Ravey,#threed-link,1,1,1,68.01,82.35,26.06,,,
sofaBed,Free Art License 1.3,Gaël Bettinelli,#threed-link,1,1,1,182,93.09,93.35,,,
sofa3,Free Art License 1.3,Peter Smolik,#threed-link,1,1,1,185,83.53,74.04,,,
solarPanel,Free Art License 1.3,Ola-Kristian Hoff,#threed-link,1,1,1,66.79,3.5,148.5,,,
spiralStaircase,Free Art License 1.3,Ola-Kristian Hoff,#threed-link,1,1,1,230,353.28,230,false,,
spiralStaircase2,Free Art License 1.3,Ola-Kristian Hoff,#threed-link,1,1,1,200,358.13,200,false,,
squareFrame,Free Art License 1.3,Ola-Kristian Hoff & Annick,#threed-link,1,1,1,100,100.03,10,,,
squareSpiralStaircase,Free Art License 1.3,Ola-Kristian Hoff,#threed-link,1,1,1,200,355.56,100.03,false,,
stainlessSteelShelf,Free Art License 1.3,N Mi,#threed-link,1,1,1,48,10,18,,,
staircaseCurvedAtTop,Free Art License 1.3,Ola-Kristian Hoff,#threed-link,1,1,1,200.01,358.45,400.96,false,,
staircaseLadder,Free Art License 1.3,Ola-Kristian Hoff,#threed-link,1,1,1,58,265,114,false,,
staircaseSamba,Free Art License 1.3,Ola-Kristian Hoff,#threed-link,1,1,1,85,265,149.99,false,,
staircaseWithOpenStringer,Free Art License 1.3,Ola-Kristian Hoff,#threed-link,1,1,1,79.99,350.22,334.33,false,,
steelShelves,Free Art License 1.3,Ola-Kristian Hoff,#threed-link,1,1,1,80,179.99,30,,,
steepStaircase,Free Art License 1.3,Ola-Kristian Hoff,#threed-link,1,1,1,94.44,360.76,167.13,false,,
stool,CC0,ThreeD Garden,#threed-link,1,1,1,53.02,97.96,52.1,,,
stool2,Free Art License 1.3,Gaël Bettinelli,#threed-link,1,1,1,51.13,101.71,44.19,,,
stove,Free Art License 1.3,Pencilart,#threed-link,1,1,1,59.99,74.93,67.42,,,
stove2,Free Art License 1.3,Gaël Bettinelli,#threed-link,1,1,1,60.18,117.18,56.14,,,
stove3,Free Art License 1.3,Gaël Bettinelli,#threed-link,1,1,1,60.18,203.05,52.77,,,
straightStaircase,Free Art License 1.3,Ola-Kristian Hoff,#threed-link,1,1,1,90,353.9,341.67,false,,
straightStaircase2,Free Art License 1.3,Ola-Kristian Hoff,#threed-link,1,1,1,90,355.93,307.77,false,,
swimmingPool,Free Art License 1.3,Emmanuel Puybaret,#threed-link,1,1,1,831.99,212.74,339.07,,,
table2,Free Art License 1.3,Icybones,#threed-link,1,1,1,203.29,87.54,106.33,,,
toaster,Free Art License 1.3,Toomy,#threed-link,1,1,1,34.22,17.98,11.89,,,
toothBrushesAndPaste,Free Art License 1.3,Toomy,#threed-link,1,1,1,7.19,18.22,8.67,,,
topWinderStaircase,Free Art License 1.3,Ola-Kristian Hoff,#threed-link,1,1,1,99.99,347.36,329.99,false,,
towelAndMedicineCabinet,Free Art License 1.3,Pencilart,#threed-link,1,1,1,55.95,130.32,55.26,,,
tripleWinderStaircase,Free Art License 1.3,Ola-Kristian Hoff,#threed-link,1,1,1,225,345,225,false,,
trunk,Free Art License 1.3,Ola-Kristian Hoff,#threed-link,1,1,1,118,58,45,,,
tvCenter,Free Art License 1.3,Pencilart,#threed-link,1,1,1,77.21,129.9,53.82,,,
tvShelfUnit,Free Art License 1.3,Gaël Bettinelli,#threed-link,1,1,1,103.8,33.29,44.44,,,
upperCabinet,Free Art License 1.3,Ben Omari,#threed-link,1,1,1,60,28.48,45.59,,,
washbasinWithCabinet,Free Art License 1.3,Snduc,#threed-link,1,1,1,121.99,78,55,,,
washerDryer,Free Art License 1.3,Ola-Kristian Hoff,#threed-link,1,1,1,59.5,85,54.99,,,
wheelieBin,Free Art License 1.3,Ola-Kristian Hoff,#threed-link,1,1,1,60,101.47,62.5,,,
winderStaircase,Free Art License 1.3,Ola-Kristian Hoff,#threed-link,1,1,1,179,362.8,253.99,false,,
window,Free Art License 1.3,Pencilart,#threed-link,1,1,1,58.14,90.57,3.26,true,,
window2x3,Free Art License 1.3,Ola-Kristian Hoff,#threed-link,1,1,1,56,110,35,true,,
windowFrostedGlass,Free Art License 1.3,Pencilart,#threed-link,1,1,1,58.86,90.57,2.68,true,,
windowShutter,Free Art License 1.3,Ola-Kristian Hoff,#threed-link,1,1,1,43.88,129,2.92,,,
windowStainGlass,Free Art License 1.3,Ola-Kristian Hoff,#threed-link,1,1,1,80,119.99,16,true,,
wineRack,Free Art License 1.3,Sophie,#threed-link,1,1,1,51.92,52,25.04,,,
woodShelves,Free Art License 1.3,Ola-Kristian Hoff,#threed-link,1,1,1,77.99,170.99,31.51,,,
woodShelves2,Free Art License 1.3,Ola-Kristian Hoff,#threed-link,1,1,1,77,169.99,37,,,
saplingTree,CC BY 4.0,Sean Bradley,#threed-link,1,1,1,199.08,428.26,203.53,false,,
cube,CC BY 4.0,Sean Bradley,#threed-link,1,1,1,100,100,100,false,,
cylinder,CC BY 4.0,Sean Bradley,#threed-link,1,1,1,100,100,100,false,,
prism,CC BY 4.0,Sean Bradley,#threed-link,1,1,1,100,100,100,false,,
bifoldDoor,CC BY 4.0,Sean Bradley,#threed-link,1,1,1,400,220,21.99,true,,
frontDoor,CC BY 4.0,Sean Bradley,#threed-link,1,1,1,150,240,22,true,,
rug,CC BY 4.0,Sean Bradley,#threed-link,1,1,1,149.99,0.5,230,false,,
fencePanel,CC BY 4.0,Sean Bradley,#threed-link,1,1,1,299.99,180,12.03,false,,
dirt,CC BY 4.0,Sean Bradley,#threed-link,1,1,1,99.99,1,100,false,,
skyLight,CC BY 4.0,Sean Bradley,#threed-link,1,1,1,100,50,150,true,,
internalDoorOpen,CC BY 4.0,Sean Bradley,#threed-link,1,1,1,90.4,205.3,91.25,true,0,-36
fixedSmallWindow,Free Art License 1.3,Ola-Kristian Hoff,#threed-link,1,1,1,60,60,16,true,,
gabledRoof,CC BY 4.0,Sean Bradley,#threed-link,1,1,1,1000,250,1000,,,
pyramidalRoof,CC BY 4.0,Sean Bradley,#threed-link,1,1,1,707.1,250,707.1,,,
halfPyramidalRoof,CC BY 4.0,Sean Bradley,#threed-link,1,1,1,945.01,250,475.83,,,
railwaySleeper,CC BY 4.0,Sean Bradley,#threed-link,1,1,1,239.99,10,20,,,
couch,CC0,ThreeD Garden,#threed-link,1,1,1,207.43,85.58,87.63,,,
crate,CC0,ThreeD Garden,#threed-link,1,1,1,60,59.38,58.9,,,
cupboard,CC0,ThreeD Garden,#threed-link,1,1,1,100.55,149.99,39.01,,,
deckChair,CC0,ThreeD Garden,#threed-link,1,1,1,71.68,83.98,125.29,,,
desk,CC0,ThreeD Garden,#threed-link,1,1,1,139.34,105.44,54.28,,,
desklamp,CC0,ThreeD Garden,#threed-link,1,1,1,24.39,39.99,24.39,,,
doubleOven,CC0,ThreeD Garden,#threed-link,1,1,1,59.99,108.9,51.53,,,
fireExtinguisher,CC0,ThreeD Garden,#threed-link,1,1,1,31.07,62.31,18.01,,,
kalender,CC0,ThreeD Garden,#threed-link,1,1,1,12.01,10.81,7.93,,,
kitchenaid,CC0,ThreeD Garden,#threed-link,1,1,1,21.37,35.29,35.99,,,
led_tv,CC0,ThreeD Garden,#threed-link,1,1,1,77.51,50.78,14.17,,,
lockedLocker,CC0,ThreeD Garden,#threed-link,1,1,1,20,40,21.98,,,
L_shaped_sofa,CC0,ThreeD Garden,#threed-link,1,1,1,233.68,79.98,143.64,,,
mano_cooktop,CC0,ThreeD Garden,#threed-link,1,1,1,58,3.81,49.99,,,
modernArmchair,CC0,ThreeD Garden,#threed-link,1,1,1,77.31,86.45,84.92,,,
mofx_mailbox,CC0,ThreeD Garden,#threed-link,1,1,1,15.89,81.55,46.49,,,
numberLock,CC0,ThreeD Garden,#threed-link,1,1,1,9.98,10.24,0.43,,,
oakChair,CC0,ThreeD Garden,#threed-link,1,1,1,49.09,117.81,61.21,,,
oakTable,CC0,ThreeD Garden,#threed-link,1,1,1,124,74.13,123.99,,,
oven,CC0,ThreeD Garden,#threed-link,1,1,1,59.99,57.76,51.53,,,
plasticChair,CC0,ThreeD Garden,#threed-link,1,1,1,44.42,82,58.39,,,
poolTable,CC0,ThreeD Garden,#threed-link,1,1,1,255.95,82.35,139.25,,,
radiator,CC0,ThreeD Garden,#threed-link,1,1,1,140.34,73.07,24.69,,,
radiator1,CC0,ThreeD Garden,#threed-link,1,1,1,216.32,83.36,14.3,,,
radiator2,CC0,ThreeD Garden,#threed-link,1,1,1,132.64,45.65,41.41,,,
relaxChair,CC0,ThreeD Garden,#threed-link,1,1,1,66.05,84.71,190.03,,,
shelves,CC0,ThreeD Garden,#threed-link,1,1,1,82.98,81.9,39.37,,,
shower,CC0,ThreeD Garden,#threed-link,1,1,1,20.84,114.28,53.78,,,
showerDoor,CC0,ThreeD Garden,#threed-link,1,1,1,90.14,229.91,22.5,,,
silla2,CC0,ThreeD Garden,#threed-link,1,1,1,32.63,78.83,31.14,,,
sillaBlanca,CC0,ThreeD Garden,#threed-link,1,1,1,50.45,85,58.38,,,
sofa,CC0,ThreeD Garden,#threed-link,1,1,1,248.76,78,189.56,,,
tableWithTablecloth,CC0,ThreeD Garden,#threed-link,1,1,1,129.23,120.58,130.53,,,
technicalTable1,CC0,ThreeD Garden,#threed-link,1,1,1,214.66,95.08,118.84,,,
technicalTable2,CC0,ThreeD Garden,#threed-link,1,1,1,136.64,101.34,171.37,,,
televisionCabinet,CC0,ThreeD Garden,#threed-link,1,1,1,135.36,160.02,69.27,,,
toiletPaperDispenser,CC0,ThreeD Garden,#threed-link,1,1,1,15.56,18.45,10.41,,,
toiletsUnit,CC0,ThreeD Garden,#threed-link,1,1,1,35.33,77.23,69.2,,,
towel2,CC0,ThreeD Garden,#threed-link,1,1,1,21.79,66.85,13.69,,,
towel3,CC0,ThreeD Garden,#threed-link,1,1,1,59.6,47.84,8.12,,,
umbrella,CC0,ThreeD Garden,#threed-link,1,1,1,223.11,199.8,222.67,,,
verticalShelves,CC0,ThreeD Garden,#threed-link,1,1,1,44.48,196.12,39,,,
wardrobeWithSlidingDoors,CC0,ThreeD Garden,#threed-link,1,1,1,151.9,236.38,64.1,,,
washbasin,CC0,ThreeD Garden,#threed-link,1,1,1,56.35,93.07,45.71,,,
whiteBoard,CC0,ThreeD Garden,#threed-link,1,1,1,124.65,129,55.1,,,
abdominalBench,CC BY 4.0,muhtesemozcinar,#threed-link,1,1,1,67.19,86.94,192.87,,,
armchair1,CC BY 4.0,aymanslman,#threed-link,1,1,1,100.49,79.98,88.17,,,
bathroomRadiator,CC BY 4.0,nikitron,#threed-link,1,1,1,48.39,110.75,19.93,,,
bath_jay_hardy,CC BY 4.0,Jay-Artist,#threed-link,1,1,1,180.06,65.06,70.08,,,
bedsideTable,CC BY 4.0,SirOccor,#threed-link,1,1,1,50.01,48,41.44,,,
bike,CC BY 4.0,rodrigoalves123,#threed-link,1,1,1,40.72,76.48,116.31,,,
biurko3,CC BY 4.0,hilux,#threed-link,1,1,1,120.16,72.04,60.22,,,
boiler,CC BY 4.0,Jay-Artist,#threed-link,1,1,1,17.89,20.01,16.22,,,
bonecoDeNeve,CC BY 4.0,zema,#threed-link,1,1,1,94.03,98.81,71.06,,,
book,CC BY 4.0,Jay-Artist,#threed-link,1,1,1,28.15,2.44,18.41,,,
breadBox,CC BY 4.0,oldtimer,#threed-link,1,1,1,56.15,27.52,27.52,,,
bunkBed,CC BY 4.0,NabHlEsCK,#threed-link,1,1,1,113.09,159.95,204.99,,,
cafe_set_mota_chair,CC BY 4.0,voodoc,#threed-link,1,1,1,60.87,78.3,55.82,,,
cafe_set_mota_table,CC BY 4.0,voodoc,#threed-link,1,1,1,62.21,73.96,62.21,,,
cafe_set_tonon_chair,CC BY 4.0,voodoc,#threed-link,1,1,1,48.02,82.2,53.31,,,
cafe_set_tonon_table,CC BY 4.0,voodoc,#threed-link,1,1,1,66,64.43,52.79,,,
chairWithCushion,CC BY 4.0,Jay-Artist,#threed-link,1,1,1,42.3,91.08,44.58,,,
chairDeck,CC BY 4.0,north.star,#threed-link,1,1,1,67.35,55.27,208.5,,,
chessboard,CC BY 4.0,swapnilrocks98,#threed-link,1,1,1,30,8.01,30,,,
chest,CC BY 4.0,elhzar,#threed-link,1,1,1,143.48,82.05,53.57,,,
childChair,CC BY 4.0,Radio_hate,#threed-link,1,1,1,38.18,67.01,39.5,,,
choppingBoard,CC BY 4.0,Jay-Artist,#threed-link,1,1,1,37.58,4.51,26.02,,,
cocktailGlass,CC BY 4.0,xablend1122,#threed-link,1,1,1,8.33,13.08,8.33,,,
coffeePress,CC BY 4.0,cephei,#threed-link,1,1,1,16.27,26.5,10.65,,,
coffeeTable,CC BY 4.0,nikitron,#threed-link,1,1,1,120.04,44.99,70.08,,,
cornerSofa,CC BY 4.0,nikitron,#threed-link,1,1,1,345.76,85.53,155,,,
decorativePlant,CC BY 4.0,Nmn9,#threed-link,1,1,1,31.77,60.58,32.21,,,
ella_chair_f,CC BY 4.0,sizzler,#threed-link,1,1,1,4.57,9.16,5.64,,,
espressokettle,CC BY 4.0,krabz,#threed-link,1,1,1,17.87,15.22,9.39,,,
gift,CC BY 4.0,tadine,#threed-link,1,1,1,23.19,25.08,18.08,,,
glass,CC BY 4.0,Jay-Artist,#threed-link,1,1,1,7.51,19.53,7.41,,,
green_stool,CC BY 4.0,dalenryder,#threed-link,1,1,1,42.91,45.97,42.91,,,
hangingLight,CC BY 4.0,Jay-Artist,#threed-link,1,1,1,43.88,86.04,43.88,,,
hood,CC BY 4.0,Jay-Artist,#threed-link,1,1,1,101.55,48.59,39.18,,,
juniorBed,CC BY 4.0,SirOccor,#threed-link,1,1,1,105.69,65.61,197.79,,,
kitchenblender,CC BY 4.0,PrinterKiller,#threed-link,1,1,1,15.61,42.73,22.34,,,
kitchenDrawersCabinet,CC BY 4.0,Jay-Artist,#threed-link,1,1,1,44.22,87.8,71.22,,,
kitchenGlassDoorCabinet,CC BY 4.0,Jay-Artist,#threed-link,1,1,1,33.6,77.13,36.91,,,
kitchenIsland,CC BY 4.0,Jay-Artist,#threed-link,1,1,1,93.88,83.08,69.94,,,
kitchenLowerCabinet,CC BY 4.0,Jay-Artist,#threed-link,1,1,1,97.58,87.8,71.68,,,
kitchenScale,CC BY 4.0,oldtimer,#threed-link,1,1,1,23,27.5,23,,,
kitchenSink,CC BY 4.0,Jay-Artist,#threed-link,1,1,1,97.58,97.63,71.68,,,
kitchenSmallLowerCabinet,CC BY 4.0,Jay-Artist,#threed-link,1,1,1,48.68,87.8,71.7,,,
kitchenSmallUpperCabinet,CC BY 4.0,Jay-Artist,#threed-link,1,1,1,34.76,77.13,36.91,,,
kitchenTools,CC BY 4.0,Jay-Artist,#threed-link,1,1,1,44,31.59,9.78,,,
kitchenUpperCabinet,CC BY 4.0,Jay-Artist,#threed-link,1,1,1,109.43,77.13,36.91,,,
